{
  "precision_at_k": 0.7438752783964365,
  "precision_at_k_chunk": 0.621380846325167,
  "mrr": 0.583518930957684,
  "avg_relevancia": 0.8109131403118028,
  "avg_fidelidad": 0.785077951002227,
  "avg_precision": 0.5109131403118041,
  "avg_overall": 0.7023014105419457,
  "avg_retrieval_time": 7.508216105484484,
  "avg_generation_time": 48.829372743721265,
  "avg_total_time": 56.338417771133386,
  "total_questions": 449,
  "questions_with_correct_doc": 334,
  "questions_with_correct_chunk": 279,
  "abstention_rate": 0.0066815144766146995,
  "suspicious_short_rate": 0.0,
  "factual_accuracy": 0.44047619047619047,
  "abstention_when_reference_exists": 0.0066815144766146995,
  "abstention_when_chunk_correct": 0.0,
  "abstention_when_doc_correct": 0.0029940119760479044,
  "abstention_with_numbers_in_ctx": 0.002457002457002457,
  "abstention_with_keywords_in_ctx": 0.005263157894736842,
  "metrics_by_category": {
    "estatutos": {
      "count": 73,
      "precision_at_k": 0.684931506849315,
      "avg_relevancia": 0.8356164383561641,
      "avg_fidelidad": 0.7835616438356159,
      "avg_precision": 0.4945205479452055,
      "avg_overall": 0.7045662100456623,
      "avg_time": 53.01819102404869
    },
    "general": {
      "count": 124,
      "precision_at_k": 0.8629032258064516,
      "avg_relevancia": 0.8177419354838712,
      "avg_fidelidad": 0.7806451612903226,
      "avg_precision": 0.5677419354838712,
      "avg_overall": 0.7220430107526882,
      "avg_time": 54.61458843177365
    },
    "gobierno": {
      "count": 54,
      "precision_at_k": 0.9259259259259259,
      "avg_relevancia": 0.7888888888888885,
      "avg_fidelidad": 0.8055555555555551,
      "avg_precision": 0.3777777777777777,
      "avg_overall": 0.6574074074074074,
      "avg_time": 54.949858484444796
    },
    "reglamentos": {
      "count": 168,
      "precision_at_k": 0.6011904761904762,
      "avg_relevancia": 0.8107142857142865,
      "avg_fidelidad": 0.7845238095238101,
      "avg_precision": 0.5083333333333334,
      "avg_overall": 0.7011904761904764,
      "avg_time": 58.57601838452475
    },
    "trabajo_fin": {
      "count": 11,
      "precision_at_k": 0.8181818181818182,
      "avg_relevancia": 0.8363636363636363,
      "avg_fidelidad": 0.8272727272727274,
      "avg_precision": 0.709090909090909,
      "avg_overall": 0.7909090909090909,
      "avg_time": 51.33703411709178
    },
    "becas": {
      "count": 7,
      "precision_at_k": 1.0,
      "avg_relevancia": 0.7285714285714285,
      "avg_fidelidad": 0.7142857142857144,
      "avg_precision": 0.4714285714285714,
      "avg_overall": 0.6380952380952382,
      "avg_time": 71.09772007805961
    },
    "defensoria": {
      "count": 5,
      "precision_at_k": 0.8,
      "avg_relevancia": 0.6799999999999999,
      "avg_fidelidad": 0.6599999999999999,
      "avg_precision": 0.5399999999999999,
      "avg_overall": 0.6266666666666668,
      "avg_time": 48.81128377914429
    },
    "master": {
      "count": 7,
      "precision_at_k": 0.8571428571428571,
      "avg_relevancia": 0.7428571428571429,
      "avg_fidelidad": 0.8285714285714286,
      "avg_precision": 0.4714285714285714,
      "avg_overall": 0.680952380952381,
      "avg_time": 76.98591249329704
    }
  },
  "metrics_by_question_type": {
    "factual": {
      "count": 186,
      "precision_at_k": 0.7634408602150538,
      "avg_relevancia": 0.8263440860215061,
      "avg_fidelidad": 0.8032258064516143,
      "avg_precision": 0.4822580645161294,
      "avg_overall": 0.7039426523297492,
      "avg_time": 53.469860317886514
    },
    "procedimental": {
      "count": 261,
      "precision_at_k": 0.7318007662835249,
      "avg_relevancia": 0.8034482758620699,
      "avg_fidelidad": 0.7762452107279716,
      "avg_precision": 0.535249042145594,
      "avg_overall": 0.7049808429118777,
      "avg_time": 58.493511645729974
    },
    "unknown": {
      "count": 2,
      "precision_at_k": 0.5,
      "avg_relevancia": 0.35,
      "avg_fidelidad": 0.25,
      "avg_precision": 0.0,
      "avg_overall": 0.19999999999999998,
      "avg_time": 41.874510288238525
    }
  }
}