{
  "precision_at_k": 0.8888888888888888,
  "mrr": 0.7518518518518519,
  "avg_relevancia": 0.2555555555555556,
  "avg_fidelidad": 0.2,
  "avg_precision": 0.21111111111111114,
  "avg_overall": 0.2222222222222222,
  "avg_retrieval_time": 2.9564936293496027,
  "avg_generation_time": 18.410866896311443,
  "avg_total_time": 21.36829517947303,
  "total_questions": 18,
  "questions_with_correct_doc": 16,
  "metrics_by_category": {
    "estatutos": {
      "count": 2,
      "precision_at_k": 1.0,
      "avg_relevancia": 0.5,
      "avg_fidelidad": 0.4,
      "avg_precision": 0.6,
      "avg_overall": 0.5,
      "avg_time": 24.86803114414215
    },
    "general": {
      "count": 6,
      "precision_at_k": 1.0,
      "avg_relevancia": 0.11666666666666665,
      "avg_fidelidad": 0.09999999999999999,
      "avg_precision": 0.09999999999999999,
      "avg_overall": 0.10555555555555556,
      "avg_time": 21.927301446596783
    },
    "reglamentos": {
      "count": 6,
      "precision_at_k": 0.6666666666666666,
      "avg_relevancia": 0.2833333333333333,
      "avg_fidelidad": 0.18333333333333335,
      "avg_precision": 0.16666666666666666,
      "avg_overall": 0.2111111111111111,
      "avg_time": 22.08978609244029
    },
    "trabajo_fin": {
      "count": 2,
      "precision_at_k": 1.0,
      "avg_relevancia": 0.35,
      "avg_fidelidad": 0.3,
      "avg_precision": 0.25,
      "avg_overall": 0.3,
      "avg_time": 19.87801456451416
    },
    "becas": {
      "count": 2,
      "precision_at_k": 1.0,
      "avg_relevancia": 0.25,
      "avg_fidelidad": 0.25,
      "avg_precision": 0.25,
      "avg_overall": 0.25,
      "avg_time": 15.517348289489746
    }
  },
  "metrics_by_question_type": {
    "procedimental": {
      "count": 7,
      "precision_at_k": 0.8571428571428571,
      "avg_relevancia": 0.4142857142857143,
      "avg_fidelidad": 0.2857142857142857,
      "avg_precision": 0.31428571428571433,
      "avg_overall": 0.3380952380952381,
      "avg_time": 23.54858943394252
    },
    "factual": {
      "count": 11,
      "precision_at_k": 0.9090909090909091,
      "avg_relevancia": 0.15454545454545454,
      "avg_fidelidad": 0.14545454545454548,
      "avg_precision": 0.14545454545454548,
      "avg_overall": 0.14848484848484847,
      "avg_time": 19.98083519935608
    }
  }
}